[
    {
        "id": 7874,
        "message": "CVE-2023-42793 - JetBrains TeamCity RCE\n\nhttps://blog.projectdiscovery.io/cve-2023-42793-vulnerability-in-jetbrains-teamcity/",
        "date": "2023-10-13T07:30:08+00:00"
    },
    {
        "id": 7872,
        "message": "CVE-2023-42793 - JetBrains TeamCity RCE\n\nhttps://blog.projectdiscovery.io/cve-2023-42793-vulnerability-in-jetbrains-teamcity/",
        "date": "2023-10-12T21:56:47+00:00"
    },
    {
        "id": 7858,
        "message": "CVE-2022-4908: SOP bypass in Chrome using Navigation API - Johan Carlsson\n\nhttps://joaxcar.com/blog/2023/10/06/cve-2022-4908-sop-bypass-in-chrome-using-navigation-api/",
        "date": "2023-10-10T07:37:00+00:00"
    },
    {
        "id": 7856,
        "message": "Coordinated Disclosure: 1-Click RCE on GNOME (CVE-2023-43641)\n\nhttps://github.blog/2023-10-09-coordinated-disclosure-1-click-rce-on-gnome-cve-2023-43641/",
        "date": "2023-10-09T19:49:13+00:00"
    },
    {
        "id": 7850,
        "message": "GitHub - ErikWynter/CVE-2023-22515-Scan: Scanner for CVE-2023-22515 - Broken Access Control Vulnerability in Atlassian Confluence\n\nhttps://github.com/ErikWynter/CVE-2023-22515-Scan",
        "date": "2023-10-07T13:11:56+00:00"
    },
    {
        "id": 7840,
        "message": "Bug Bytes #213 \u2013 Hacking a Prison, XSS on steroids, CAIDO free for students and Bogus CVEs\n\nhttps://blog.intigriti.com/2023/10/04/bug-bytes-213-hacking-a-prison-xss-on-steroids-caido-free-for-students-and-bogus-cves/",
        "date": "2023-10-05T09:02:13+00:00"
    },
    {
        "id": 7828,
        "message": "RCE in Progress WS_FTP Ad Hoc via IIS HTTP Modules (CVE-2023-40044)\n\nhttps://www.assetnote.io/resources/research/rce-in-progress-ws-ftp-ad-hoc-via-iis-http-modules-cve-2023-40044",
        "date": "2023-10-03T06:27:27+00:00"
    },
    {
        "id": 7811,
        "message": "CODE WHITE | Exploiting ASP.NET TemplateParser \u2014 Part I: Sitecore (CVE-2023-35813)\n\n\n\nhttps://code-white.com/blog/exploiting-asp.net-templateparser-part-1/",
        "date": "2023-09-26T13:23:42+00:00"
    },
    {
        "id": 7779,
        "message": "CVE-2023-34040 Spring Kafka Deserialization Remote Code Execution\n\nhttps://pyn3rd.github.io/2023/09/15/CVE-2023-34040-Spring-Kafka-Deserialization-Remote-Code-Execution/",
        "date": "2023-09-17T18:05:13+00:00"
    },
    {
        "id": 7775,
        "message": "CVE-2023-38146: Arbitrary Code Execution via Windows Themes\n\nhttps://exploits.forsale/themebleed/",
        "date": "2023-09-16T18:10:17+00:00"
    },
    {
        "id": 7758,
        "message": "CVE-2023-3959, CVE-2023-4249 - Multiple critical vulnerabilities in Zavio IP cameras\n\nhttps://bugprove.com/knowledge-hub/cve-2023-3959-cve-2023-4249-multiple-critical-vulnerabilities-in-zavio-ip-cameras/",
        "date": "2023-09-08T22:22:29+00:00"
    },
    {
        "id": 7742,
        "message": "When URL parsers disagree (CVE-2023-38633) - Canva Engineering Blog\n\nhttps://www.canva.dev/blog/engineering/when-url-parsers-disagree-cve-2023-38633/",
        "date": "2023-09-05T19:15:16+00:00"
    },
    {
        "id": 7720,
        "message": "Zenbleed (CVE-2023-20593)\n\nhttps://www.youtube.com/watch?v=9EY_9KtxyPg",
        "date": "2023-08-30T12:00:02+00:00"
    },
    {
        "id": 7707,
        "message": "CVE-2023-36844 And Friends: RCE In Juniper Devices\n\nhttps://labs.watchtowr.com/cve-2023-36844-and-friends-rce-in-juniper-firewalls/",
        "date": "2023-08-26T19:25:10+00:00"
    },
    {
        "id": 7686,
        "message": "Cookieless DuoDrop: IIS Auth Bypass & App Pool Privesc in ASP.NET Framework (CVE-2023-36899) | Soroush Dalili (@irsdl) Blog\n\nhttps://soroush.me/blog/2023/08/cookieless-duodrop-iis-auth-bypass-app-pool-privesc-in-asp-net-framework-cve-2023-36899/",
        "date": "2023-08-21T10:27:19+00:00"
    },
    {
        "id": 7639,
        "message": "Finding and Exploiting Citrix NetScaler Buffer Overflow (CVE-2023-3519) (Part 3)\n\nhttps://blog.assetnote.io/2023/08/09/exploiting-citrix-netscaler-cve-2023-3519/",
        "date": "2023-08-10T10:27:05+00:00"
    },
    {
        "id": 7629,
        "message": "Spring WebFlux \u2013 CVE-2023-34034 \u2013 Write-Up and Proof-of-Concept\n\nhttps://jfrog.com/blog/spring-webflux-cve-2023-34034-write-up-and-proof-of-concept/",
        "date": "2023-08-08T21:19:26+00:00"
    },
    {
        "id": 7620,
        "message": "CVE-2023-33383\nAuthentication Bypass via an out-of-bounds read vulnerability\n\nhttps://www.exploitsecurity.io/post/cve-2023-33383-authentication-bypass-via-an-out-of-bounds-read-vulnerability",
        "date": "2023-08-04T19:20:14+00:00"
    },
    {
        "id": 7616,
        "message": "CVE-2023-28130 \u2013 Command Injection in Check Point Gaia Portal\n\nhttps://pentests.nl/pentest-blog/cve-2023-28130-command-injection-in-check-point-gaia-portal/",
        "date": "2023-08-04T07:51:06+00:00"
    },
    {
        "id": 7600,
        "message": "CVE-2023-35078 Remote Unauthenticated API Access Vulnerability Exploit POC\n\nhttps://github.com/vchan-in/CVE-2023-35078-Exploit-POC",
        "date": "2023-07-30T23:45:15+00:00"
    },
    {
        "id": 7599,
        "message": "CVE-2023-27997: Critical Fortinet Fortigate Remote Code Execution Vulnerability\n\nhttps://www.rapid7.com/blog/post/2023/06/12/etr-cve-2023-27997-critical-fortinet-fortigate-remote-code-execution-vulnerability/",
        "date": "2023-07-30T19:15:59+00:00"
    },
    {
        "id": 7593,
        "message": "Chaining our way to Pre-Auth RCE in Metabase (CVE-2023-38646)\n\nhttps://blog.assetnote.io/2023/07/22/pre-auth-rce-metabase/",
        "date": "2023-07-29T14:18:26+00:00"
    },
    {
        "id": 7571,
        "message": "Exploiting MikroTik RouterOS Hardware with CVE-2023-30799\n\nhttps://vulncheck.com/blog/mikrotik-foisted-revisited",
        "date": "2023-07-25T18:27:23+00:00"
    },
    {
        "id": 7567,
        "message": "Analysis of CVE-2023-3519 in Citrix ADC and NetScaler Gateway (Part 2)\n\nhttps://blog.assetnote.io/2023/07/24/citrix-rce-part-2-cve-2023-3519/",
        "date": "2023-07-25T10:27:06+00:00"
    },
    {
        "id": 7551,
        "message": "Analysis of CVE-2023-3519 in Citrix ADC and NetScaler Gateway\n\nhttps://blog.assetnote.io/2023/07/21/citrix-CVE-2023-3519-analysis/",
        "date": "2023-07-21T10:27:02+00:00"
    },
    {
        "id": 7542,
        "message": "Bug Bytes #208 \u2013 Burp gets an update, Sharefile gets a CVE and JavaScript files get analysed\n\nhttps://blog.intigriti.com/2023/07/19/bug-bytes-208-burp-gets-an-update-sharefile-gets-a-cve-and-javascript-files-get-analysed/",
        "date": "2023-07-20T08:27:03+00:00"
    },
    {
        "id": 7518,
        "message": "Analysis CVE-2023-29300: Adobe ColdFusion Pre-Auth RCE\n\nhttps://blog.projectdiscovery.io/adobe-coldfusion-rce/",
        "date": "2023-07-13T08:10:03+00:00"
    },
    {
        "id": 7515,
        "message": "Encrypted Doesn't Mean Authenticated: ShareFile RCE (CVE-2023-24489)\n\nhttps://blog.assetnote.io/2023/07/04/citrix-sharefile-rce/",
        "date": "2023-07-12T10:27:02+00:00"
    },
    {
        "id": 7514,
        "message": "CVE-2023-27997 Is Exploitable, and 69% of FortiGate Firewalls Are Vulnerable\n\nhttps://bishopfox.com/blog/cve-2023-27997-exploitable-and-fortigate-firewalls-vulnerable",
        "date": "2023-07-12T07:43:45+00:00"
    },
    {
        "id": 7509,
        "message": "Exploit Google Pixel 7\n\nIn detail analysis of exploiting CVE-2023-21400 on Google Pixel 7 with Dirty Pagetable exploit that uses file UAF and pid UAF vulnerabilities \nhttps://yanglingxi1993.github.io/dirty_pagetable/dirty_pagetable.html",
        "date": "2023-07-11T12:07:56+00:00"
    },
    {
        "id": 7507,
        "message": "Advisory: ShareFile Pre-Auth RCE (CVE-2023-24489)\n\nhttps://blog.assetnote.io/2023/07/04/citrix-sharefile-rce-advisory/",
        "date": "2023-07-11T10:27:02+00:00"
    },
    {
        "id": 7506,
        "message": "CVE-2023-36934 Analysis: MOVEit Transfer SQL Injection\n\nhttps://blog.projectdiscovery.io/moveit-transfer-sql-injection/",
        "date": "2023-07-11T08:10:05+00:00"
    },
    {
        "id": 7503,
        "message": "Shell in the Ghost: Ghostscript CVE-2023-28879 writeup\n\nhttps://offsec.almond.consulting/ghostscript-cve-2023-28879.html",
        "date": "2023-07-10T07:05:43+00:00"
    },
    {
        "id": 7486,
        "message": "Technical Details of CVE-2023-30990 - Unauthenticated RCE in IBM i DDM Service\n\nhttps://blog.silentsignal.eu/2023/07/03/ibm-i-dde-vulnerability-cve-2023-30990/",
        "date": "2023-07-03T13:45:35+00:00"
    },
    {
        "id": 7484,
        "message": "Advisory: Citrix Gateway Open Redirect and XSS (CVE-2023-24488)\n\nhttps://blog.assetnote.io/2023/06/29/citrix-xss-advisory/",
        "date": "2023-07-01T10:27:02+00:00"
    },
    {
        "id": 7474,
        "message": "CVE-2023-26258 \u2013 Remote Code Execution in ArcServe UDP Backup\n\nhttps://www.mdsec.co.uk/2023/06/cve-2023-26258-remote-code-execution-in-arcserve-udp-backup/",
        "date": "2023-06-28T20:28:11+00:00"
    },
    {
        "id": 7467,
        "message": "A TECHNICAL ANALYSIS OF THE SALTWATER BACKDOOR USED IN BARRACUDA 0-DAY VULNERABILITY (CVE-2023-2868) EXPLOITATION\n\nhttps://cybergeeks.tech/a-technical-analysis-of-the-saltwater-backdoor-used-in-barracuda-0-day-vulnerability-cve-2023-2868-exploitation/",
        "date": "2023-06-26T16:30:56+00:00"
    },
    {
        "id": 7459,
        "message": "CVE-2023-27997 Vulnerability Scanner for FortiGate Firewalls\n\nhttps://bishopfox.com/blog/cve-2023-27997-vulnerability-scanner-fortigate",
        "date": "2023-06-23T16:09:00+00:00"
    },
    {
        "id": 7427,
        "message": "Pre-Authenticated RCE In VMware VRealize Network Insight\nCVE-2023-20887\n\nhttps://summoning.team/blog/vmware-vrealize-network-insight-rce-cve-2023-20887/",
        "date": "2023-06-14T16:53:27+00:00"
    },
    {
        "id": 7424,
        "message": "MOVEIt Transfer RCE Part Two (CVE-2023-34362)\n\nhttps://blog.assetnote.io/2023/06/13/moveit-transfer-part-two/",
        "date": "2023-06-14T10:27:03+00:00"
    },
    {
        "id": 7410,
        "message": "Patch Diffing Progress MOVEIt Transfer RCE (CVE-2023-34362)\n\nhttps://blog.assetnote.io/2023/06/07/moveit-transfer-patch-diff-adventure/",
        "date": "2023-06-09T10:27:02+00:00"
    },
    {
        "id": 7388,
        "message": "XSS vulnerability in the ASP.NET application: examining CVE-2023-24322 in mojoPortal CMS\n\nhttps://pvs-studio.com/en/blog/posts/csharp/1054/",
        "date": "2023-05-31T19:28:52+00:00"
    },
    {
        "id": 7387,
        "message": "A deep-dive on Pluck CMS vulnerability CVE-2023-25828\n\nhttps://www.synopsys.com/blogs/software-security/a-deep-dive-on-pluck-cms-vulnerability-cve-2023-25828/",
        "date": "2023-05-31T14:01:53+00:00"
    },
    {
        "id": 7351,
        "message": "Adobe ColdFusion RCE CVE-2023-26359\n\nhttps://attackerkb.com/topics/1iRdvtUgtW/cve-2023-26359/rapid7-analysis",
        "date": "2023-05-17T16:51:29+00:00"
    },
    {
        "id": 7307,
        "message": "Microsoft Exchange Powershell Remoting Deserialization leading to RCE (CVE-2023-21707)\n\nhttps://starlabs.sg/blog/2023/04-microsoft-exchange-powershell-remoting-deserialization-leading-to-rce-cve-2023-21707/",
        "date": "2023-05-03T19:53:01+00:00"
    },
    {
        "id": 7292,
        "message": "Advisory: Oracle Opera Pre-Auth RCE (CVE-2023-21932)\n\nhttps://blog.assetnote.io/2023/04/30/oracle-opera-advisory/",
        "date": "2023-05-02T10:27:02+00:00"
    },
    {
        "id": 7289,
        "message": "User impersonation via stolen UUID code in KeyCloak (CVE-2023-0264)\n\nhttps://www.offensity.com/en/blog/user-impersonation-via-stolen-uuid-code-in-keycloak-cve-2023-0264/",
        "date": "2023-04-29T22:53:49+00:00"
    },
    {
        "id": 7283,
        "message": "Finding XSS in a million websites (cPanel CVE-2023-29489)\n\nhttps://blog.assetnote.io/2023/04/26/xss-million-websites-cpanel/",
        "date": "2023-04-28T10:27:02+00:00"
    },
    {
        "id": 7276,
        "message": "Advisory: Reflected Cross-Site Scripting in cPanel (CVE-2023-29489)\n\nhttps://blog.assetnote.io/2023/04/26/cpanel-xss-advisory/",
        "date": "2023-04-27T10:27:02+00:00"
    },
    {
        "id": 7267,
        "message": "CVE-2023-27524: Insecure Default Configuration in Apache Superset Leads to Remote Code Execution\n\nhttps://www.horizon3.ai/cve-2023-27524-insecure-default-configuration-in-apache-superset-leads-to-remote-code-execution/",
        "date": "2023-04-25T13:50:13+00:00"
    },
    {
        "id": 7262,
        "message": "PaperCut CVE-2023-27350 Deep Dive and Indicators of Compromise\n\nhttps://www.horizon3.ai/papercut-cve-2023-27350-deep-dive-and-indicators-of-compromise/",
        "date": "2023-04-24T20:03:16+00:00"
    },
    {
        "id": 7222,
        "message": "Shell in the Ghost: Ghostscript CVE-2023-28879 writeup\nhttps://offsec.almond.consulting/ghostscript-cve-2023-28879.html",
        "date": "2023-04-13T15:51:24+00:00"
    },
    {
        "id": 7167,
        "message": "Improper Privilege Management in Grails\nSpring Security Core <= 5.1.0\nCVE-2022-41923\n\nhttps://www.synacktiv.com/sites/default/files/2023-03/Synacktiv-Grails-Spring-Security-CVE-2022-41923.pdf",
        "date": "2023-03-28T14:25:13+00:00"
    },
    {
        "id": 7166,
        "message": "XSS vulnerability discovered in Android and iOS WordPress app plugin WPMobile.App (CVE-2023-22702)\nhttps://patchstack.com/database/vulnerability/wpappninja/wordpress-wpmobile-app-android-and-ios-mobile-application-plugin-11-13-cross-site-scripting-xss-vulnerability",
        "date": "2023-03-28T14:13:15+00:00"
    },
    {
        "id": 7157,
        "message": "Joomla! CVE-2023-23752 to Code Execution\n\nhttps://vulncheck.com/blog/joomla-for-rce",
        "date": "2023-03-24T08:06:29+00:00"
    },
    {
        "id": 7154,
        "message": "Veeam Backup and Replication CVE-2023-27532 Deep Dive\n\nhttps://www.horizon3.ai/veeam-backup-and-replication-cve-2023-27532-deep-dive/",
        "date": "2023-03-23T15:11:39+00:00"
    },
    {
        "id": 7145,
        "message": "Converting string to enum at the cost of 50 GB: let's analyze the CVE-2020-36620 vulnerability\nhttps://pvs-studio.com/en/blog/posts/csharp/1038/",
        "date": "2023-03-22T10:11:22+00:00"
    },
    {
        "id": 7056,
        "message": "SQL injection vulnerabilities in Owncloud Android app - CVE-2023-24804, CVE-2023-23948\nThe Owncloud Android app uses content providers to manage its data. The provider FileContentProvider has SQL injection vulnerabilities that allow malicious applications or users in the same device to obtain internal information of the app\nhttps://securitylab.github.com/advisories/GHSL-2022-059_GHSL-2022-060_Owncloud_Android_app/",
        "date": "2023-02-16T22:09:30+00:00"
    },
    {
        "id": 7053,
        "message": "A Different Payload for CVE-2022-47966\n\nhttps://vulncheck.com/blog/cve-2022-47966-payload",
        "date": "2023-02-14T22:42:13+00:00"
    },
    {
        "id": 7026,
        "message": "A PoC for the CVE-2022-44268 - ImageMagick arbitrary file read \nhttps://github.com/voidz0r/CVE-2022-44268",
        "date": "2023-02-05T19:36:35+00:00"
    },
    {
        "id": 7023,
        "message": "Adobe Acrobat Reader - resetForm - CAgg UaF - RCE Exploit - CVE-2023-21608\n\nhttps://hacksys.io/blogs/adobe-reader-resetform-cagg-rce-cve-2023-21608",
        "date": "2023-02-04T15:11:38+00:00"
    },
    {
        "id": 6966,
        "message": "10 CVEs! My Personal Thoughts On Research And CVEs\n\nhttps://yogehi.github.io/research/2023/01/04/10-cves-my-personal-thoughts-on-research-and-cves.html",
        "date": "2023-01-18T20:29:49+00:00"
    },
    {
        "id": 6928,
        "message": "Disclosing a New Vulnerability in JWT Secret Poisoning (CVE-2022-23529)\n\nhttps://unit42.paloaltonetworks.com/jsonwebtoken-vulnerability-cve-2022-23529/",
        "date": "2023-01-10T21:10:24+00:00"
    },
    {
        "id": 6905,
        "message": "Centos Web Panel 7 Unauthenticated Remote Code Execution - CVE-2022-44877\n\nhttps://github.com/numanturle/CVE-2022-44877",
        "date": "2023-01-05T18:07:30+00:00"
    },
    {
        "id": 6895,
        "message": "Chrome Browser Exploitation, Part 3: Analyzing and Exploiting CVE-2018-17463\n\nhttps://jhalon.github.io/chrome-browser-exploitation-3/",
        "date": "2023-01-04T06:25:06+00:00"
    },
    {
        "id": 6878,
        "message": "CVE-2022-38627: A journey through SQLite Injection to compromise the whole enterprise building\n\nhttps://omar0x01.medium.com/cve-2022-38627-a-journey-through-sqlite-injection-to-compromise-the-whole-enterprise-building-15cebd072ed6",
        "date": "2022-12-31T11:21:06+00:00"
    }
]